_id,index,age,eyeColor,name,gender,company,email,phone,number,street,city,state,zipcode,about,registered,latitude,longitude,tags
5aa252be5d1e07697b16d463,0,38,green,Cain Goodman,male,SPORTAN,caingoodman@sportan.com,+1 (993) 518-3772,213,Clifford Place,Gerton,Georgia,102,Cillum elit officia minim amet. Incididunt nulla tempor ad dolore. Anim anim reprehenderit mollit occaecat irure laborum aute sint aute aliqua incididunt ad cillum id. Eu irure nulla sit officia eiusmod et anim consectetur exercitation velit.,2014-10-09T12:50:52 -06:-30,39.783865,-32.813122,"fugiat,nulla,adipisicing,nulla,do,officia,consectetur"
5aa252be7d1af2c3f398d8ff,1,27,blue,Church Massey,male,PERMADYNE,churchmassey@permadyne.com,+1 (828) 527-2740,759,Norfolk Street,Balm,New Jersey,106,Est duis officia irure fugiat aliqua pariatur cillum deserunt officia. Labore id esse magna culpa anim veniam nostrud. Consequat ad nisi ex Lorem pariatur id exercitation.,2015-07-01T02:46:50 -06:-30,7.305325,132.682285,"commodo,aliqua,aliqua,commodo,sunt,sit,pariatur"
5aa252beeb3c8eb482f3eb6f,2,23,brown,Jefferson Hopper,male,INCUBUS,jeffersonhopper@incubus.com,+1 (963) 596-2137,466,Cheever Place,Blende,American Samoa,108,Enim excepteur eu labore ea ipsum exercitation nostrud nulla ea. Sint minim voluptate nulla occaecat. Consequat reprehenderit incididunt do anim. Esse id voluptate nulla duis occaecat. Proident aute culpa nostrud velit minim adipisicing est ea consectetur deserunt laboris labore. Occaecat quis reprehenderit ex nulla dolore officia occaecat. Dolor laborum elit proident eiusmod tempor id ad veniam aliqua dolor non.,2014-07-31T04:19:31 -06:-30,-81.550949,160.820515,"id,incididunt,qui,pariatur,ad,do,commodo"
5aa252be18a3cc3699e78c80,3,33,green,Raquel Sexton,female,TECHADE,raquelsexton@techade.com,+1 (901) 532-2510,998,Kingsway Place,Jessie,California,109,Incididunt commodo incididunt ex ad duis cillum eu proident labore qui. Nulla deserunt laboris ad consequat veniam do ea. Minim adipisicing cupidatat ea ullamco aliquip tempor irure laborum ex. Culpa labore veniam velit reprehenderit aliquip proident voluptate.,2014-07-21T04:45:07 -06:-30,-64.179641,160.452117,"excepteur,veniam,deserunt,eiusmod,ipsum,Lorem,dolore"
5aa252be1408467b448e1739,4,33,green,Aline Ferrell,female,CORMORAN,alineferrell@cormoran.com,+1 (868) 418-3939,175,Losee Terrace,Welch,New Mexico,101,Exercitation sit elit veniam ex laboris ad Lorem in incididunt. Occaecat aliquip occaecat dolor ex nulla velit ullamco deserunt. Elit fugiat est sint enim Lorem amet ullamco labore veniam ut enim nostrud.,2016-08-06T07:54:57 -06:-30,9.299124,-84.312101,"consectetur,excepteur,aute,ipsum,et,eu,laborum"
5aa252bebb6457e768b6751a,5,38,brown,Middleton Vasquez,male,DIGIAL,middletonvasquez@digial.com,+1 (903) 551-2973,684,Troy Avenue,Leola,Wyoming,100,Esse est excepteur in cillum quis pariatur aliqua exercitation. Cupidatat duis officia tempor ullamco culpa eiusmod commodo non ullamco magna. Est adipisicing sint amet dolor elit ipsum voluptate. Culpa laborum fugiat in adipisicing ullamco.,2015-08-06T08:46:13 -06:-30,-54.509156,21.267975,"sint,anim,nulla,ex,ipsum,magna,aute"
5aa252be641e5ec0facde417,6,37,blue,Sweeney Sellers,male,COMFIRM,sweeneysellers@comfirm.com,+1 (863) 401-2973,291,Hendrickson Street,Magnolia,Washington,105,Duis id do nostrud occaecat veniam ipsum minim id. Laborum nulla cillum nostrud sint proident ad laboris excepteur. Irure aliquip aliqua sunt consectetur dolore deserunt nulla magna magna esse magna dolore nisi sunt. Sunt qui consequat dolor pariatur consectetur pariatur nulla. Sunt non consectetur occaecat id qui. Labore veniam dolore sunt esse sunt mollit esse nulla mollit ex ad. Voluptate ex nostrud elit pariatur qui.,2016-02-21T03:03:50 -06:-30,74.913063,-104.732762,"adipisicing,aliqua,nostrud,sunt,consequat,velit,ipsum"
5aa252be12eeaf6e32b3c967,7,35,blue,Juliet Gaines,female,MOMENTIA,julietgaines@momentia.com,+1 (980) 563-2438,146,Suydam Place,Bakersville,Delaware,104,Commodo do laborum elit ex. Cupidatat aliqua mollit amet nostrud veniam minim reprehenderit laborum est exercitation. Non in occaecat incididunt Lorem eu aliqua cillum commodo consectetur reprehenderit proident Lorem laboris. Nulla commodo ea dolore esse id anim minim commodo id laboris commodo veniam. Occaecat officia laborum eiusmod minim anim quis amet ut quis id fugiat. Ipsum ullamco aute labore est proident mollit anim duis ea minim Lorem proident ea amet. Incididunt ipsum exercitation anim adipisicing.,2015-05-12T01:27:26 -06:-30,-17.257529,-142.577311,"id,enim,deserunt,Lorem,Lorem,labore,labore"
5aa252be2b56e2711ab62d87,8,22,blue,Olive Wilkerson,female,KLUGGER,olivewilkerson@klugger.com,+1 (923) 459-2383,610,Aberdeen Street,Sanders,Nebraska,104,Consectetur sint incididunt consectetur consectetur anim commodo ea cupidatat exercitation pariatur ipsum dolor nisi. Pariatur sunt tempor aliquip commodo nulla. Tempor proident reprehenderit non consectetur deserunt qui quis et. Duis et esse irure pariatur amet minim tempor aute exercitation consectetur mollit.,2015-06-27T06:30:18 -06:-30,80.585698,72.543363,"incididunt,minim,ea,proident,in,amet,enim"
5aa252be5765447d73b3a41e,9,27,brown,Frazier Nelson,male,EXOSTREAM,fraziernelson@exostream.com,+1 (878) 469-2721,764,Dekoven Court,Bowden,Maine,109,Exercitation non nulla mollit et excepteur nulla amet cupidatat officia dolore laborum sint in veniam. Labore reprehenderit Lorem reprehenderit nisi sunt tempor. Cillum ea cupidatat voluptate labore ipsum ex laborum. Sunt consectetur culpa ipsum et qui. Velit consectetur dolore exercitation exercitation incididunt deserunt enim incididunt in. Laborum nulla incididunt tempor qui in aliqua eu aliqua eiusmod sunt.,2015-03-02T11:18:46 -06:-30,-16.572619,142.720547,"do,dolore,aliquip,esse,velit,amet,duis"
5aa252be8def90729e867e15,10,34,blue,Zelma Payne,female,BALOOBA,zelmapayne@balooba.com,+1 (936) 538-2871,701,Baughman Place,Weogufka,Palau,103,Elit fugiat in sit ipsum non consectetur. Cillum labore occaecat et dolore minim. Deserunt ullamco officia ullamco minim exercitation nulla tempor do cupidatat dolore fugiat labore Lorem ut. Amet consectetur aliqua id culpa fugiat tempor ipsum minim incididunt labore.,2014-06-10T02:11:56 -06:-30,-3.577423,-47.346311,"tempor,ex,aute,commodo,cupidatat,irure,sint"
5aa252be4b931f58ddb53cf4,11,29,green,Roberts Hester,male,NORALI,robertshester@norali.com,+1 (963) 520-3592,376,Bay Avenue,Conestoga,Tennessee,106,Elit sit amet ea proident irure ipsum sit tempor adipisicing aute ut enim. Magna veniam consectetur fugiat in aliquip et et deserunt laboris ipsum irure consectetur consequat. Aute sint aliquip laboris non non ea dolor nulla id occaecat fugiat Lorem elit. Sunt anim adipisicing irure eiusmod aute officia esse minim quis nulla qui culpa. Voluptate nostrud nostrud deserunt dolor enim Lorem anim consectetur consequat sunt. Qui mollit deserunt amet proident voluptate excepteur nulla in minim enim pariatur reprehenderit.,2014-09-24T01:16:03 -06:-30,-74.235665,-7.852159,"irure,consequat,fugiat,reprehenderit,aute,anim,dolore"
5aa252be25ee937e4c9f7a3f,12,28,blue,Haley Rosario,male,TALKOLA,haleyrosario@talkola.com,+1 (964) 591-3675,832,Moore Place,Coral,Arizona,110,Amet elit aute ipsum Lorem aute ipsum irure eu deserunt ad et esse exercitation quis. Esse occaecat pariatur eu ea qui excepteur deserunt id consequat nulla anim quis sint qui. Ullamco laboris magna eu ullamco magna cupidatat ex. Ad ad nostrud velit mollit esse in labore mollit dolore voluptate enim.,2014-02-16T04:34:57 -06:-30,-67.025967,89.476995,"minim,minim,excepteur,in,consequat,occaecat,amet"
5aa252be257ebd73333ba9a9,13,32,blue,Amalia Hutchinson,female,ENERSAVE,amaliahutchinson@enersave.com,+1 (803) 442-2287,639,Louisiana Avenue,Harviell,Florida,110,Enim deserunt irure officia irure. Eiusmod do ex proident ipsum duis consectetur Lorem ut incididunt labore ea cupidatat ad. Sint et dolore esse elit consequat tempor velit adipisicing ut tempor consectetur. Dolore pariatur nisi sit id enim aliqua anim dolore id dolore eiusmod. Sit velit eu amet Lorem cillum Lorem exercitation et sit consectetur aute aliqua exercitation est.,2016-01-17T02:01:08 -06:-30,80.022304,-173.321878,"ea,eu,ex,excepteur,ad,deserunt,quis"
5aa252bed0fd498c0b46a594,14,37,brown,Mindy Cash,female,FRENEX,mindycash@frenex.com,+1 (908) 473-3513,603,Woodhull Street,Newcastle,Vermont,107,Voluptate nostrud ea ullamco sunt do id velit eiusmod laboris cillum aute minim aliqua ad. Ut non non id amet esse velit ea dolor consectetur. Enim id incididunt adipisicing deserunt.,2014-05-01T10:31:53 -06:-30,-60.712971,175.605802,"ad,labore,reprehenderit,commodo,id,consequat,excepteur"
5aa252be7ec022f41c823f01,15,38,green,Rene Fitzpatrick,female,GONKLE,renefitzpatrick@gonkle.com,+1 (967) 543-2161,246,Brigham Street,Inkerman,Alaska,102,Voluptate anim sit labore cupidatat. Reprehenderit eiusmod eu ex incididunt cupidatat culpa duis nulla. Eu ea eu tempor esse adipisicing Lorem fugiat consectetur.,2015-10-24T01:20:42 -06:-30,59.765979,-85.169701,"id,commodo,nisi,veniam,occaecat,exercitation,elit"
5aa252be869c37d40817ddbd,16,31,blue,Blair Waller,male,MANTRIX,blairwaller@mantrix.com,+1 (846) 599-3097,247,Haring Street,Grenelefe,Alabama,108,Magna fugiat anim officia proident adipisicing aliquip ut laboris elit ad do in eiusmod. Nisi in Lorem eiusmod qui enim consequat aliqua. Dolor Lorem velit esse ipsum labore elit commodo ea cupidatat mollit aliqua pariatur anim. Laborum irure aliqua enim ipsum eu minim duis.,2017-01-17T09:16:40 -06:-30,-88.073005,-64.321991,"tempor,officia,do,eu,ut,exercitation,sint"
5aa252befa9656dac14fa09e,17,38,green,Kristin Glenn,female,CONCILITY,kristinglenn@concility.com,+1 (937) 516-2730,954,Woodside Avenue,Marienthal,Minnesota,105,Magna do reprehenderit cillum est excepteur laboris culpa qui Lorem eiusmod nisi deserunt irure. Ipsum exercitation sit anim ad nisi incididunt commodo fugiat aliqua excepteur commodo. Est pariatur adipisicing excepteur cillum. Et pariatur eu excepteur culpa voluptate anim nisi esse ipsum adipisicing. Magna et magna eu aute ea quis cillum non culpa reprehenderit culpa. Incididunt tempor irure do consectetur occaecat voluptate nisi.,2016-12-11T05:16:33 -06:-30,-66.451598,-52.444232,"esse,officia,duis,laboris,in,id,enim"
5aa252be52944229bedfd1ee,18,33,blue,Potter Mcclain,male,XIXAN,pottermcclain@xixan.com,+1 (929) 501-3700,721,Linden Street,Dana,Colorado,102,Ullamco cupidatat dolore anim commodo aliquip ad. Sunt proident nisi proident et irure minim est tempor nisi. Sint ex officia eu qui id deserunt id. Nisi amet nostrud velit aliqua ut adipisicing cupidatat duis occaecat eiusmod aute. Magna eiusmod in nostrud dolor amet eiusmod irure.,2014-02-22T09:54:40 -06:-30,-9.68108,103.163837,"aliquip,labore,in,dolor,sunt,sunt,ut"
5aa252be7101728d3f30dcee,19,39,green,Kline Nichols,male,MINGA,klinenichols@minga.com,+1 (838) 458-2465,892,Doone Court,Kenwood,South Dakota,107,Labore fugiat magna deserunt deserunt esse occaecat labore reprehenderit dolor dolor. Magna eiusmod dolore exercitation do sunt ad. Dolore aliquip proident culpa nisi in aliqua enim nostrud nisi ullamco voluptate nostrud magna ex. Incididunt consequat dolor velit commodo sint anim nisi consectetur sit cillum mollit anim.,2015-05-01T05:44:24 -06:-30,9.548649,-60.636845,"fugiat,deserunt,in,voluptate,nulla,laboris,elit"
5aa252be2433125841d965f8,20,31,brown,Penelope Daniel,female,ULTRIMAX,penelopedaniel@ultrimax.com,+1 (825) 439-3947,804,Congress Street,Diaperville,Louisiana,108,Ex tempor excepteur sint eu aliquip pariatur ex ipsum consectetur adipisicing est tempor fugiat id. Officia quis ea consectetur anim magna et eiusmod dolore voluptate. Cillum exercitation sit proident eiusmod aliquip culpa deserunt deserunt minim reprehenderit cupidatat.,2014-05-10T02:55:49 -06:-30,-0.158806,-164.69573,"aliqua,culpa,officia,deserunt,cillum,irure,fugiat"
5aa252bea78157aa9a65766d,21,33,blue,Bowen Moran,male,STEELFAB,bowenmoran@steelfab.com,+1 (922) 476-3457,743,Florence Avenue,Advance,Rhode Island,100,Ut excepteur minim quis irure. Consequat ad id proident commodo ullamco consectetur eiusmod adipisicing elit. Amet mollit ad laboris aliqua. Qui elit id cillum deserunt duis laboris irure pariatur nulla elit cillum qui in tempor. Mollit quis aute voluptate ut. Labore et magna et laboris consectetur.,2017-01-07T10:19:57 -06:-30,-61.207918,-112.922234,"eu,incididunt,laborum,ea,elit,consectetur,irure"
5aa252be6d9001d6b30515b8,22,23,brown,Kim Ayala,female,POLARIA,kimayala@polaria.com,+1 (837) 489-2301,885,Throop Avenue,Kerby,Illinois,102,Laboris fugiat non irure proident ad est sunt deserunt ut minim veniam adipisicing commodo fugiat. Pariatur adipisicing ad ad non sunt labore laboris sunt. Laborum ad dolor minim eu minim Lorem Lorem laborum. Velit laboris anim consectetur sit Lorem magna ad ad ut anim.,2017-01-28T03:16:44 -06:-30,36.451316,-5.929977,"duis,pariatur,tempor,ex,enim,nisi,adipisicing"
5aa252be6f343ec5a832a80d,23,35,green,Richard Lindsey,male,LYRIA,richardlindsey@lyria.com,+1 (898) 581-2375,945,Pooles Lane,Babb,Kansas,109,Lorem cupidatat duis excepteur ullamco enim velit quis excepteur officia qui velit officia sint. Aliqua ut nostrud commodo dolore dolore mollit pariatur ex eiusmod consequat ullamco officia est consectetur. Elit magna incididunt aliquip consectetur consectetur ut mollit nulla id sint ullamco ullamco. Mollit cillum magna labore ullamco occaecat sint labore velit voluptate pariatur anim fugiat. Ullamco nulla incididunt velit minim excepteur ad voluptate officia eu est. Eiusmod quis amet adipisicing in cillum elit sit duis eu eiusmod. Dolor ex non deserunt deserunt eiusmod consequat enim ex incididunt anim.,2016-11-10T07:09:52 -06:-30,-63.221241,105.074699,"ex,commodo,ad,in,consectetur,ea,cupidatat"
5aa252be6ac239ceafe89c8e,24,32,brown,Lizzie Rivas,female,HELIXO,lizzierivas@helixo.com,+1 (987) 413-2460,611,Norman Avenue,Comptche,Pennsylvania,104,Est mollit non aliqua Lorem labore ipsum cupidatat ut eu sunt exercitation Lorem et anim. Lorem nisi non et consequat. Pariatur velit labore non non. Cillum ea et ut anim sunt laborum officia qui labore aliquip do deserunt do. Est ad occaecat pariatur minim ut do eiusmod dolore eu culpa. Fugiat minim sit culpa consectetur eu ad incididunt. Commodo exercitation amet nulla consectetur deserunt deserunt consectetur ad et do eiusmod cillum elit.,2015-05-17T01:57:20 -06:-30,43.472488,-48.039263,"quis,labore,adipisicing,duis,laboris,ut,ullamco"
5aa252be0972569cd48200ac,25,27,brown,Booth Stewart,male,MYOPIUM,boothstewart@myopium.com,+1 (860) 415-2363,577,Driggs Avenue,Graball,Federated States Of Micronesia,108,Esse magna aliqua mollit deserunt. Non amet velit occaecat exercitation nostrud mollit exercitation sunt. Incididunt veniam velit proident sint non cupidatat dolore deserunt nisi est tempor incididunt in.,2014-07-09T07:42:09 -06:-30,24.787038,-119.044918,"nulla,ad,et,veniam,officia,aute,cupidatat"
5aa252bef71e1a9ea4df885e,26,29,green,Lucia Battle,female,APEX,luciabattle@apex.com,+1 (944) 563-3736,809,Harden Street,Wawona,District Of Columbia,108,Ut id tempor commodo duis proident irure. Lorem nisi esse duis duis exercitation. Sunt labore irure magna deserunt exercitation ut fugiat veniam ipsum Lorem voluptate. Voluptate adipisicing nulla incididunt sunt adipisicing eu incididunt laborum. Aliquip enim nostrud magna culpa esse dolor irure culpa velit non laboris est ipsum.,2015-09-15T02:55:36 -06:-30,17.559805,21.893279,"ex,enim,quis,consequat,amet,ea,exercitation"
5aa252bed5b788526f5fb77e,27,21,blue,Briggs Bender,male,OPTIQUE,briggsbender@optique.com,+1 (856) 408-3090,652,Neptune Court,Steinhatchee,New York,100,Exercitation magna mollit ad nisi ad commodo eu sint. Labore voluptate incididunt irure voluptate consequat ullamco exercitation eiusmod ipsum ea ipsum. Deserunt sint eu proident sunt ipsum ipsum ut et. Eu non anim esse aute consectetur. Lorem excepteur labore consequat incididunt eu enim elit duis nisi culpa proident. Officia et enim ad ipsum sit ad. Consequat enim culpa anim Lorem ullamco qui amet nisi sit mollit incididunt do nisi enim.,2017-11-30T09:46:40 -06:-30,-21.684925,85.151467,"consequat,tempor,reprehenderit,qui,mollit,quis,sint"
5aa252be761210fe9acd40c6,28,22,blue,Koch Brewer,male,PRINTSPAN,kochbrewer@printspan.com,+1 (985) 401-3202,577,Grant Avenue,Wanship,Maryland,104,Sit duis occaecat nisi ad enim velit eu. Fugiat dolore nisi eiusmod et occaecat voluptate laboris culpa ex consequat quis et. Eu nisi tempor ullamco sunt officia aliqua id nulla consequat. Lorem ipsum ut proident velit ut minim tempor. Et ullamco dolor commodo non cupidatat nulla magna.,2015-04-13T02:49:54 -06:-30,15.504712,142.055911,"enim,cillum,cillum,magna,ut,anim,aliquip"
5aa252be8b672c22234eed5f,29,28,brown,Miriam Underwood,female,PURIA,miriamunderwood@puria.com,+1 (925) 528-3552,551,Fountain Avenue,Bancroft,West Virginia,106,Ea non aliqua Lorem Lorem labore excepteur. Minim reprehenderit occaecat pariatur ex in ullamco. Consectetur voluptate esse culpa cupidatat qui tempor deserunt. Consectetur deserunt fugiat enim duis incididunt irure dolore nisi cillum. Ea sit consectetur ullamco quis fugiat nostrud occaecat tempor fugiat elit laborum minim.,2018-02-22T05:19:09 -06:-30,23.959758,-3.944915,"excepteur,ullamco,qui,aliquip,est,voluptate,eiusmod"
5aa252bea97afe7956cc4bd7,30,24,brown,Queen Cote,female,XEREX,queencote@xerex.com,+1 (895) 525-3312,101,Wilson Street,Roulette,Arkansas,107,Duis dolore duis velit et. Ut veniam magna enim tempor est officia veniam reprehenderit adipisicing. Enim cupidatat nostrud anim do anim consequat irure est officia aliqua. Non exercitation aliquip minim consequat cillum. Amet fugiat in id irure deserunt ea ut anim.,2015-03-22T08:46:38 -06:-30,-36.835057,-84.618364,"tempor,in,dolore,aliquip,aliqua,elit,sunt"
5aa252be01865d3202ddcbac,31,30,green,Santana Hogan,male,TROLLERY,santanahogan@trollery.com,+1 (854) 407-3949,802,Maple Avenue,Colton,North Dakota,105,Est incididunt pariatur ex ea in nostrud est consequat sit esse Lorem ad est reprehenderit. Voluptate veniam minim tempor Lorem occaecat amet amet id adipisicing excepteur dolor duis sint dolore. Eiusmod duis veniam commodo tempor labore duis ipsum aliquip nulla ut. Adipisicing laboris pariatur sunt et ex proident. Sunt excepteur cillum aute laborum id duis irure do excepteur amet in aliqua aute ad. Laborum qui laborum ipsum reprehenderit proident culpa commodo non ea in.,2015-10-04T04:25:39 -06:-30,-52.664277,-63.353969,"adipisicing,laborum,aute,mollit,labore,fugiat,proident"
5aa252be36a7e1a936506cd5,32,37,brown,Castro Hill,male,SYNTAC,castrohill@syntac.com,+1 (800) 481-2530,111,Ide Court,Coinjock,South Carolina,100,Enim amet culpa aliqua adipisicing velit nisi laboris fugiat. Do veniam velit in officia. Ipsum fugiat mollit cupidatat exercitation proident. Velit ad fugiat pariatur sit nisi irure aliqua Lorem sint irure fugiat nisi magna.,2015-04-05T10:08:12 -06:-30,-77.396879,73.74492,"qui,mollit,occaecat,amet,deserunt,sint,non"
5aa252be508b8223bf422e00,33,40,brown,Rhoda Pugh,female,GEEKULAR,rhodapugh@geekular.com,+1 (822) 553-2936,196,Love Lane,Iola,Oregon,102,Minim dolore aliquip adipisicing consectetur ipsum eu aliqua laborum sint ullamco. Cillum pariatur velit officia do velit labore labore est sunt. Veniam consectetur fugiat cillum dolor. Pariatur nisi do dolore proident consequat culpa irure aliqua cillum.,2017-05-31T02:28:08 -06:-30,41.560374,18.489319,"excepteur,veniam,do,aliquip,proident,in,anim"
5aa252be3f9e58b2d860b331,34,38,green,Sadie Alford,female,ACCIDENCY,sadiealford@accidency.com,+1 (908) 446-3903,589,Seigel Court,Gouglersville,Michigan,102,Consequat irure consequat sunt nulla laborum incididunt magna ea. In voluptate minim adipisicing qui culpa laborum sunt veniam qui dolore do proident mollit cillum. Ut non proident veniam laborum voluptate et cillum adipisicing pariatur.,2016-08-23T10:30:33 -06:-30,86.920371,65.359024,"sunt,adipisicing,qui,ad,nostrud,duis,nostrud"
5aa252bebe8e987d907d0659,35,32,brown,Heidi Matthews,female,UXMOX,heidimatthews@uxmox.com,+1 (831) 431-3613,988,Sedgwick Street,Marne,Ohio,105,Non labore sit ex incididunt sunt nostrud quis tempor minim proident eiusmod. Excepteur et commodo laboris amet pariatur ad consectetur veniam commodo consectetur. Nostrud anim do aute do dolor officia reprehenderit quis nisi commodo. Adipisicing ea fugiat officia cupidatat reprehenderit irure dolore laborum ullamco ea laborum ea adipisicing occaecat. Aute tempor occaecat voluptate mollit voluptate consectetur ullamco. Officia non aliqua ad incididunt non reprehenderit ipsum consequat pariatur ullamco ipsum.,2017-03-08T09:15:57 -06:-30,-44.380026,-178.349971,"cillum,non,dolore,elit,ex,duis,aute"
5aa252be1a64e1bd46413dc2,36,33,brown,Fuller Montgomery,male,EXTRAGEN,fullermontgomery@extragen.com,+1 (986) 586-3916,716,Diamond Street,Edmund,Wisconsin,105,Culpa do non consequat mollit. Culpa nostrud aute labore elit magna anim aute ullamco labore sit consectetur minim duis nisi. Velit in quis do laboris duis. Non voluptate dolore ad culpa commodo eu in enim eu duis culpa ullamco in ad.,2014-06-04T07:27:41 -06:-30,47.752044,151.890887,"dolor,cupidatat,sint,consequat,nostrud,non,id"
5aa252becb369d85193123cc,37,24,brown,Frances Keith,female,EPLOSION,franceskeith@eplosion.com,+1 (822) 435-3727,889,Thomas Street,Abiquiu,Idaho,110,Tempor cupidatat occaecat laboris deserunt ad labore ad aliquip magna. Lorem dolor tempor fugiat excepteur do culpa nostrud non esse elit laborum ad velit consequat. Ut officia Lorem mollit velit enim enim velit nostrud qui veniam voluptate cillum veniam non. Dolore cillum sit anim cillum velit ullamco nisi tempor eiusmod consequat esse nulla. Quis in incididunt ullamco ea do est pariatur commodo duis occaecat fugiat aliqua consequat. Sunt sit incididunt voluptate pariatur eu aute nisi enim. Reprehenderit nulla officia consequat est nisi sint ut esse nostrud dolore.,2016-01-09T01:22:09 -06:-30,32.231838,-81.910501,"ipsum,ea,aliqua,incididunt,do,consectetur,amet"
5aa252be6e30ebe7ae3fc64a,38,30,brown,Mattie Maynard,female,COWTOWN,mattiemaynard@cowtown.com,+1 (889) 567-2233,723,Beverly Road,Belfair,Texas,109,Consequat occaecat quis adipisicing et sit nisi pariatur voluptate voluptate quis. Lorem ipsum ea nisi consectetur deserunt ut elit incididunt aliqua nisi. Sunt irure nostrud aliquip minim.,2015-07-18T07:23:25 -06:-30,81.752696,61.173588,"excepteur,eu,reprehenderit,dolor,sit,incididunt,et"
5aa252be0458e8cc162bfe33,39,34,brown,Essie Washington,female,METROZ,essiewashington@metroz.com,+1 (907) 586-3014,543,Girard Street,Takilma,Indiana,102,Commodo non irure reprehenderit labore cillum nostrud non consequat quis cillum nisi. Nulla velit laborum mollit fugiat irure ad ea exercitation. Officia ad ullamco irure veniam mollit minim duis amet anim eiusmod duis sint ea. Id officia nisi officia commodo irure aliqua laborum ut velit officia ipsum. Sint sint exercitation qui quis mollit deserunt id eiusmod aliquip est. Tempor aute adipisicing laboris quis reprehenderit officia.,2015-05-31T10:03:30 -06:-30,-63.996195,1.634592,"ad,exercitation,veniam,anim,excepteur,proident,do"
5aa252be9e240ceae4c6ce6e,40,35,brown,Fay Fowler,female,ECRATER,fayfowler@ecrater.com,+1 (906) 554-2928,808,Remsen Street,Northchase,Hawaii,100,Nulla non ut dolor amet quis laborum ex aliquip tempor nulla tempor. Mollit ut id duis amet laborum sint magna nulla fugiat mollit laborum laborum. Dolor aute commodo laboris ea ipsum laborum dolor ad Lorem nisi occaecat deserunt. Ad sit dolor sunt proident.,2016-06-28T01:11:19 -06:-30,0.786986,139.378696,"esse,fugiat,enim,id,aute,magna,nostrud"
5aa252bead855a516fe754ef,41,23,green,Andrea Petersen,female,REMOLD,andreapetersen@remold.com,+1 (973) 452-3174,403,Surf Avenue,Groton,Utah,106,Non officia ea laboris do mollit incididunt aute nulla aliqua cupidatat ad. Amet mollit aliqua fugiat officia labore. Consectetur sint ullamco reprehenderit mollit labore et eu velit magna cupidatat laboris voluptate ullamco.,2017-02-17T04:47:19 -06:-30,-69.977264,97.948624,"cillum,commodo,in,duis,qui,anim,anim"
5aa252beb5aee661a7be5148,42,37,green,Cruz Ayers,male,ZAJ,cruzayers@zaj.com,+1 (963) 424-3617,339,Wortman Avenue,Trucksville,Marshall Islands,101,Sit eu fugiat ad in laborum ad veniam ad. Incididunt est veniam elit cupidatat laboris nostrud pariatur sit cillum. Ut labore laborum irure reprehenderit fugiat exercitation. Minim reprehenderit laboris eu sint veniam sit sit. Excepteur occaecat nisi do velit amet aliquip adipisicing occaecat adipisicing velit excepteur voluptate. Excepteur sint cupidatat cupidatat esse ut duis magna pariatur eu deserunt. Tempor occaecat eiusmod amet esse dolore non elit.,2016-12-19T08:50:03 -06:-30,-7.203596,-152.965251,"consequat,ad,est,excepteur,irure,duis,ad"
5aa252be79860e38c27ed6ec,43,21,green,Wise Preston,male,GENMEX,wisepreston@genmex.com,+1 (900) 535-2349,258,Charles Place,Worcester,Montana,103,Ea velit do in culpa laboris commodo. Sunt deserunt dolore occaecat eu exercitation. Duis ut velit proident nisi sunt ut eu qui et. Quis eu do officia tempor ullamco ut. Cillum est laboris minim officia tempor cupidatat magna eiusmod eiusmod nisi nisi ullamco est. Mollit velit anim eiusmod ut ex veniam aliqua non. Laboris est duis sunt mollit duis in irure adipisicing aute exercitation irure quis deserunt magna.,2015-05-05T12:57:45 -06:-30,-46.872297,-99.948971,"est,magna,id,tempor,pariatur,esse,Lorem"
5aa252be6b50e78c58d6d851,44,20,blue,Fletcher Anderson,male,MOBILDATA,fletcheranderson@mobildata.com,+1 (947) 464-3676,258,Folsom Place,Calverton,Missouri,106,Nulla qui proident est cupidatat est fugiat. Sunt esse sunt ut in. Amet cupidatat non adipisicing voluptate do Lorem commodo. Commodo nulla ea aute elit magna cupidatat cupidatat non Lorem ex. Exercitation aliquip sint magna sunt amet ad duis exercitation. Labore consequat officia qui qui aliqua sit eu irure consectetur cupidatat. Enim velit dolor adipisicing enim.,2017-06-19T09:51:36 -06:-30,-77.474666,130.016173,"incididunt,exercitation,pariatur,velit,pariatur,est,sunt"
5aa252bec718bb2b3aaeb803,45,21,blue,Acevedo Ashley,male,EVENTAGE,acevedoashley@eventage.com,+1 (964) 477-2828,935,Wythe Place,Basye,Oklahoma,110,Non dolore tempor ullamco sunt sit dolor reprehenderit. Culpa ut tempor labore duis consequat in laborum elit. Nostrud sunt proident aliqua cillum ex quis ipsum do dolor.,2015-11-23T08:21:03 -06:-30,-42.304294,-4.820778,"laborum,ut,veniam,Lorem,cillum,voluptate,cillum"
5aa252be69712efd37d5584c,46,20,brown,Maxwell Buchanan,male,EVENTIX,maxwellbuchanan@eventix.com,+1 (975) 503-3389,429,Middagh Street,Longbranch,Connecticut,105,Nulla consequat culpa sit aute commodo sunt voluptate pariatur et. Duis minim eiusmod incididunt labore eu adipisicing irure ut minim. Non excepteur est cillum consectetur ut magna minim. Ex anim occaecat consectetur Lorem proident ex sit aute ullamco.,2014-12-13T01:17:52 -06:-30,-6.126899,54.060092,"adipisicing,eiusmod,eiusmod,in,occaecat,reprehenderit,sunt"
5aa252be5cad24b578cc0699,47,35,green,Sophia Hunt,female,ROTODYNE,sophiahunt@rotodyne.com,+1 (874) 471-3441,912,Cameron Court,Kapowsin,Northern Mariana Islands,109,Irure amet ad aliqua ullamco ut ipsum consectetur qui elit. Incididunt qui minim fugiat sit ut dolor enim. Ipsum aliqua cupidatat commodo elit laborum. Labore tempor reprehenderit minim veniam ex culpa id non aute. Ut Lorem cillum consectetur dolore magna adipisicing esse sunt mollit quis aliquip.,2015-01-03T03:07:11 -06:-30,-64.797096,-16.191427,"do,mollit,dolore,amet,elit,sunt,in"
5aa252be30ba470bee649350,48,35,brown,Rachel Tanner,female,CONJURICA,racheltanner@conjurica.com,+1 (874) 445-3248,156,Jardine Place,Hessville,Iowa,100,Aliquip laboris occaecat reprehenderit et esse nostrud adipisicing nostrud consectetur. Qui voluptate labore ipsum qui ex exercitation aliqua nulla labore est proident laborum. Exercitation dolore ipsum dolor aliqua dolor labore do.,2017-08-28T05:33:58 -06:-30,81.453944,-37.680755,"elit,ipsum,consectetur,culpa,laborum,duis,adipisicing"
5aa252be1bead96cffa354dc,49,33,green,Henderson Cobb,male,ONTALITY,hendersoncobb@ontality.com,+1 (911) 507-3236,755,Varet Street,Lorraine,Mississippi,102,Deserunt dolore veniam esse aliquip aute laborum dolor veniam do ullamco. Ea qui pariatur dolore eiusmod duis sint irure elit. Nostrud aliquip culpa fugiat qui consectetur ad et. Magna commodo pariatur officia tempor minim culpa. Incididunt in ea cillum officia.,2016-11-26T10:40:40 -06:-30,-59.244886,-129.452348,"qui,dolor,voluptate,velit,sit,ipsum,reprehenderit"
5aa252be2c706eec131edafc,50,35,green,Charity Mayo,female,GEOFORM,charitymayo@geoform.com,+1 (920) 412-2507,195,Covert Street,Harborton,Virgin Islands,101,Mollit in id culpa ex duis do minim labore cupidatat laboris commodo. Cillum aliqua veniam excepteur ea Lorem. Amet enim in tempor dolore aliqua culpa nisi qui tempor aliqua mollit enim.,2015-07-24T12:44:43 -06:-30,27.69631,-86.241638,"dolore,aute,aliquip,labore,ullamco,laborum,quis"
5aa252beae525ff2f99726b3,51,23,green,Manuela Petty,female,ZENTHALL,manuelapetty@zenthall.com,+1 (876) 478-2004,119,Gerald Court,Gordon,Guam,107,Ea ullamco commodo exercitation culpa consectetur officia Lorem. Dolore laborum adipisicing veniam cillum minim officia elit. Ex occaecat eiusmod reprehenderit ullamco laborum eiusmod aliqua officia. Voluptate nulla fugiat id aute. Eiusmod cupidatat laboris veniam proident cupidatat tempor reprehenderit consectetur voluptate eu in quis magna officia. Minim labore nulla anim veniam.,2016-05-08T08:08:17 -06:-30,64.661616,-83.724704,"cillum,nulla,nostrud,minim,ex,proident,Lorem"
5aa252bea12e32ed1206d064,52,28,blue,Salazar Burns,male,PHORMULA,salazarburns@phormula.com,+1 (891) 529-2139,161,Vermont Court,Websterville,Kentucky,102,Incididunt minim ullamco velit in mollit do proident est do voluptate do duis. Cupidatat veniam eu tempor enim laborum ipsum aute ullamco. Exercitation excepteur magna ad incididunt labore enim officia qui consequat nisi. Proident veniam consequat eiusmod Lorem irure do cupidatat duis eiusmod non nulla dolor laborum. Ex tempor ea ad ex consequat cillum mollit enim in.,2018-01-30T02:43:52 -06:-30,-26.627376,-0.512908,"adipisicing,consectetur,mollit,adipisicing,incididunt,cillum,minim"
5aa252becf452dfa1e9f736e,53,33,green,Allison Savage,male,PHARMEX,allisonsavage@pharmex.com,+1 (894) 443-3212,750,Greenwood Avenue,Avoca,New Hampshire,110,Ut consectetur Lorem qui et sint ut adipisicing veniam sint nisi. Exercitation ea nostrud nulla velit. Nisi dolore officia ex nulla Lorem cupidatat.,2014-11-14T10:39:45 -06:-30,-75.624303,60.671798,"ut,nulla,reprehenderit,dolore,aute,sunt,esse"
5aa252be1c3674bd569d1466,54,39,blue,Hattie Knowles,female,ZOLAVO,hattieknowles@zolavo.com,+1 (945) 428-3037,737,Russell Street,Suitland,North Carolina,107,Mollit duis adipisicing amet eiusmod duis ipsum. Sint officia duis reprehenderit nulla ea labore veniam et dolore ipsum eiusmod. Et labore adipisicing duis laborum magna et reprehenderit excepteur laboris culpa labore aliqua ea aliquip.,2014-02-17T05:50:18 -06:-30,33.510816,159.54175,"deserunt,ea,et,anim,incididunt,culpa,deserunt"
5aa252bed2069522d5f5a789,55,37,brown,Mays Cortez,male,NEOCENT,mayscortez@neocent.com,+1 (933) 516-2821,297,Martense Street,Nogal,Virginia,100,Dolore reprehenderit incididunt nostrud in elit incididunt in. Et sint in ea dolor eiusmod in commodo exercitation elit ut incididunt et anim minim. Reprehenderit laborum cillum pariatur elit dolore.,2017-10-02T09:35:44 -06:-30,-54.679098,-97.925222,"amet,et,consectetur,dolor,id,fugiat,eu"
5aa252be5a7018767dcb7b72,56,37,brown,Alma Becker,female,EXERTA,almabecker@exerta.com,+1 (878) 457-3726,100,Flatlands Avenue,Glenbrook,Nevada,103,Minim pariatur excepteur et ullamco aliquip ut laboris irure minim adipisicing elit magna amet ad. Aliquip officia incididunt eu excepteur ad anim qui anim. Lorem in tempor sint cupidatat in laborum nostrud ullamco occaecat. Ex do aute deserunt sunt ipsum elit tempor et tempor laboris officia excepteur excepteur. Adipisicing Lorem sunt sit dolor irure. Deserunt occaecat amet tempor ea. Velit nulla pariatur ipsum eu esse veniam voluptate officia labore dolor occaecat.,2016-05-09T05:38:04 -06:-30,-83.28486,61.012753,"deserunt,est,aliqua,labore,officia,officia,mollit"
5aa252bedad738b26025ea28,57,23,brown,Galloway Blackburn,male,SULTRAX,gallowayblackburn@sultrax.com,+1 (805) 579-2488,957,Dumont Avenue,Harmon,Massachusetts,104,Aliquip do proident aliquip duis exercitation est tempor irure irure ipsum. Do commodo minim anim nostrud est minim ea ea deserunt aute elit non id. Labore et commodo quis dolor ut pariatur esse sunt cupidatat duis anim adipisicing in enim. Ut consectetur ut et adipisicing.,2014-05-17T10:21:37 -06:-30,62.248078,-81.796458,"sit,aliqua,do,excepteur,nisi,veniam,pariatur"
5aa252beab8bcfa4c523167e,58,31,blue,Richardson Blake,male,QUALITERN,richardsonblake@qualitern.com,+1 (849) 591-3857,718,Willoughby Avenue,Enetai,Georgia,108,Officia consequat pariatur do fugiat laboris. Mollit consequat proident fugiat id ad aute commodo cupidatat consequat nulla. Aliquip fugiat tempor ad aliqua in aliqua do et veniam excepteur aliquip tempor ipsum. Elit Lorem officia aliquip consequat sint dolore duis non labore id laborum exercitation ea amet. Deserunt culpa adipisicing sunt exercitation ipsum proident occaecat commodo fugiat exercitation quis sit. Sit officia duis nostrud proident eu anim pariatur ex laborum sit dolor reprehenderit. Consequat id in et nostrud exercitation velit non amet id id adipisicing dolore.,2017-05-02T05:00:43 -06:-30,58.055432,30.476183,"deserunt,aute,magna,id,amet,duis,occaecat"
5aa252bee7ef1b8d32d532ce,59,26,brown,Rodriguez Holloway,male,NAVIR,rodriguezholloway@navir.com,+1 (960) 576-3048,326,Kimball Street,Belmont,New Jersey,107,Incididunt anim ullamco eu ipsum non Lorem est eiusmod fugiat mollit magna Lorem nisi. Occaecat eiusmod do deserunt qui laborum adipisicing exercitation anim velit ullamco. Do pariatur elit consectetur consequat. Aliquip magna ipsum cillum pariatur exercitation ex elit. Irure tempor mollit sunt officia nisi nisi duis minim occaecat do consequat irure id voluptate.,2015-12-19T05:58:56 -06:-30,-46.808866,-83.137773,"reprehenderit,aliquip,reprehenderit,cupidatat,nisi,ullamco,dolore"
5aa252bed7adb4dab201399c,60,37,green,Rhea Kent,female,ELECTONIC,rheakent@electonic.com,+1 (834) 518-2762,988,Canarsie Road,Hegins,American Samoa,107,Eiusmod do ad consectetur incididunt quis sunt in laboris culpa velit sint esse commodo. Non dolor laboris enim id sunt aute duis laborum aute est id id. Aliqua reprehenderit enim nulla amet aliquip laborum irure qui aliquip quis nostrud laborum ad. Excepteur dolore officia voluptate culpa aliquip ex officia adipisicing occaecat commodo reprehenderit in adipisicing nulla. Sunt laboris excepteur mollit quis. Ex in excepteur esse commodo sunt ipsum in labore.,2017-03-13T05:52:47 -06:-30,28.334803,-130.496241,"ex,deserunt,deserunt,cillum,laborum,dolor,occaecat"
5aa252beca3ab381a1d61e3a,61,20,brown,Graciela Shaw,female,QUORDATE,gracielashaw@quordate.com,+1 (910) 515-2841,759,Brightwater Court,Jugtown,California,102,Ipsum non ullamco consequat nulla. Labore aliquip commodo nulla esse id aliqua occaecat et nostrud ipsum duis aliqua. Sit reprehenderit anim nostrud dolore irure quis mollit non incididunt voluptate nulla aute officia. Esse do labore dolor officia ullamco nostrud fugiat sit consectetur nostrud nostrud ad proident. Id qui proident nostrud ad anim eiusmod laborum excepteur anim proident magna pariatur esse irure. Non adipisicing esse ex occaecat.,2015-08-12T05:28:09 -06:-30,-61.313572,14.243827,"non,occaecat,cupidatat,aute,cillum,aliquip,minim"
5aa252bea721a6c274301bee,62,28,brown,Concepcion Whitfield,female,QUIZKA,concepcionwhitfield@quizka.com,+1 (969) 406-2277,830,Narrows Avenue,Farmington,New Mexico,102,Ipsum irure voluptate est exercitation laboris quis. Deserunt consectetur culpa qui pariatur occaecat officia fugiat. Proident reprehenderit Lorem sunt ullamco aliquip eiusmod in excepteur amet sint et ipsum pariatur. Velit dolore occaecat duis sit sit sit. Eiusmod aliquip proident est ipsum elit excepteur quis eiusmod aute incididunt minim ipsum.,2015-03-26T03:50:19 -06:-30,29.674994,50.634487,"laborum,cillum,dolor,tempor,exercitation,ullamco,laboris"
5aa252be1827d1a228695197,63,27,green,Conrad Tran,male,ZOID,conradtran@zoid.com,+1 (938) 522-2776,559,Alice Court,Mooresburg,Wyoming,106,Aliquip enim aliqua do do dolore proident Lorem tempor. Consectetur minim pariatur deserunt nisi. Adipisicing minim voluptate excepteur ipsum deserunt dolore. Esse sit pariatur exercitation sunt proident pariatur cupidatat consequat sunt veniam dolor veniam et duis. Mollit incididunt aliqua commodo dolore veniam pariatur laborum aute anim officia voluptate ut.,2015-09-25T09:52:53 -06:-30,84.896733,13.115154,"deserunt,duis,ipsum,cillum,sit,velit,laborum"
5aa252bebc26237a5cf7384d,64,36,green,Sherrie Bell,female,MEDICROIX,sherriebell@medicroix.com,+1 (956) 421-2629,745,Lawrence Avenue,Bend,Washington,110,Ullamco aliqua pariatur tempor reprehenderit nulla laboris excepteur. Esse adipisicing ex Lorem sint aute aute nostrud aliquip ipsum ex est dolore. Proident magna aliqua reprehenderit aliquip culpa nulla aliqua. Magna ut eiusmod nisi incididunt commodo commodo irure sunt. Qui incididunt aute ipsum sunt incididunt quis magna irure. Anim velit nulla id do non pariatur.,2017-03-30T01:25:58 -06:-30,45.28078,-44.946374,"eu,aute,ullamco,Lorem,commodo,id,exercitation"
5aa252be70ba4dda9a4a5a6c,65,29,brown,Steele Gonzales,male,DYMI,steelegonzales@dymi.com,+1 (913) 483-2911,649,Lorraine Street,Connerton,Delaware,108,Minim dolore aute ea dolore laboris mollit cillum ut et sunt esse consequat deserunt labore. Voluptate amet commodo nostrud anim exercitation in velit. Labore ad fugiat proident id sit voluptate enim incididunt id aliqua dolor. Ea officia enim sunt consectetur Lorem incididunt incididunt esse officia est. Laboris Lorem do ut ex sint proident laboris amet veniam velit duis.,2017-02-20T02:00:24 -06:-30,-7.69749,-101.355208,"velit,aliqua,nisi,dolore,sit,proident,duis"
5aa252bebc75150fd49a5951,66,28,green,Claudette Norris,female,VERAQ,claudettenorris@veraq.com,+1 (979) 496-3225,553,Goodwin Place,Chalfant,Nebraska,110,Velit duis dolor ex Lorem id. Lorem amet ex aliqua magna commodo nostrud. Culpa et pariatur reprehenderit tempor qui sit eu adipisicing sint culpa incididunt proident officia nisi.,2016-10-27T03:30:49 -06:-30,87.939077,-19.419072,"officia,velit,elit,pariatur,velit,minim,anim"
5aa252be37af1370412ea635,67,36,brown,Waller Spencer,male,LIMOZEN,wallerspencer@limozen.com,+1 (868) 511-2280,782,Veranda Place,Datil,Maine,103,Ipsum enim qui proident laboris et. Anim anim irure aliquip et qui in nisi excepteur irure irure in mollit dolore proident. Consectetur est amet do voluptate elit. Cillum mollit voluptate sit ipsum. Id cupidatat dolore aliqua deserunt.,2014-05-02T03:26:28 -06:-30,-48.14483,-154.144112,"consequat,sint,minim,amet,ullamco,nisi,proident"
5aa252beb144eb6392d25f33,68,39,blue,Drake Dotson,male,COMTEST,drakedotson@comtest.com,+1 (935) 542-3532,394,Cherry Street,Yorklyn,Palau,103,Deserunt sunt non do anim. Fugiat fugiat sunt ut anim pariatur anim consequat. Labore culpa id ad pariatur laborum cupidatat eiusmod aliqua laboris. Voluptate tempor esse ad tempor reprehenderit aliqua enim ea ut consectetur Lorem culpa ipsum. Dolor anim exercitation quis exercitation dolore do eu cupidatat nisi elit quis eiusmod.,2014-04-15T04:30:58 -06:-30,29.849533,-1.564299,"tempor,consequat,officia,duis,adipisicing,aute,laboris"
5aa252be357f450e727dfbc5,69,40,green,Suzanne Johnston,female,IMANT,suzannejohnston@imant.com,+1 (992) 477-3159,770,Dakota Place,Curtice,Tennessee,103,Officia consequat eiusmod aliquip deserunt consequat ipsum. Nostrud reprehenderit sit veniam anim et sunt aliquip labore ullamco proident id. Officia do aliquip et exercitation excepteur incididunt officia ad. Qui amet occaecat consectetur fugiat quis ut officia dolore mollit ut minim eiusmod in eiusmod.,2015-02-15T06:37:14 -06:-30,-85.567299,127.26124,"consectetur,exercitation,sunt,consequat,in,esse,qui"
5aa252bea411e4f2bbf1d11a,70,23,brown,Rios Gray,male,ZIDANT,riosgray@zidant.com,+1 (920) 500-3717,748,Bank Street,Coalmont,Arizona,101,In incididunt do labore non ea dolore anim sint quis voluptate voluptate Lorem. Cupidatat exercitation eiusmod laboris commodo occaecat ut nostrud id. Est exercitation dolore consequat tempor amet consectetur non laboris culpa mollit dolor. Cillum ea amet occaecat dolor. Dolor veniam labore mollit nisi enim fugiat voluptate ea occaecat. Irure incididunt est proident laboris proident sint et aliqua exercitation laboris ad nostrud. Ut non mollit id cillum qui et do sit quis.,2016-09-22T01:17:46 -06:-30,-27.118388,109.910452,"irure,nisi,sunt,id,mollit,nulla,eiusmod"
5aa252bef2bf7fb2450c8675,71,22,green,Gwen Mitchell,female,UNCORP,gwenmitchell@uncorp.com,+1 (856) 523-2856,990,Pioneer Street,Indio,Florida,104,Duis excepteur in eiusmod ea eiusmod voluptate pariatur tempor id aliqua minim. Irure nisi dolore culpa laboris veniam pariatur nostrud labore Lorem. Occaecat labore Lorem consectetur ullamco magna ad magna elit. Duis quis eu Lorem Lorem laborum minim laborum minim velit magna ex ipsum consequat consequat. Laboris do reprehenderit commodo aute adipisicing ut fugiat et nulla officia anim amet non. Ea consectetur sint qui cillum proident esse. Adipisicing dolor minim Lorem eiusmod.,2014-09-07T02:49:50 -06:-30,74.583133,19.905512,"ad,aute,reprehenderit,nostrud,commodo,minim,sit"
5aa252be461565d597db695c,72,26,brown,Tara Stokes,female,ZINCA,tarastokes@zinca.com,+1 (918) 556-3182,453,Madison Street,Crumpler,Vermont,102,Veniam laboris laboris cillum laboris in in. Officia veniam sit ut sunt veniam quis ipsum pariatur cupidatat. Eu amet nulla magna dolor ullamco ea adipisicing Lorem duis cupidatat. Incididunt magna incididunt enim irure voluptate quis. Laboris ex ullamco irure ipsum reprehenderit minim ipsum consectetur adipisicing ullamco labore sit laborum.,2016-03-12T09:08:07 -06:-30,8.212396,142.602116,"cillum,ad,non,officia,veniam,do,sit"
5aa252be4683e369a9aee56e,73,35,blue,Fleming Doyle,male,CIRCUM,flemingdoyle@circum.com,+1 (881) 498-3173,747,Fuller Place,Shasta,Alaska,103,Tempor adipisicing veniam est veniam eiusmod sunt enim amet aliquip. Magna deserunt deserunt elit fugiat magna in ex culpa incididunt pariatur aliqua. Id occaecat aliqua esse Lorem non et qui enim fugiat. Qui sint esse exercitation occaecat. Excepteur consequat veniam do dolore. Consectetur aliqua mollit laborum proident irure consectetur dolor elit laboris eu elit do tempor. Tempor consequat exercitation mollit esse adipisicing ut dolore voluptate est sit ad pariatur exercitation.,2016-07-30T12:24:33 -06:-30,-86.402598,146.261652,"commodo,voluptate,veniam,enim,laboris,exercitation,aliqua"
5aa252be32cf60e937feb7d9,74,32,blue,Meagan Kramer,female,PROGENEX,meagankramer@progenex.com,+1 (963) 433-2830,285,National Drive,Trona,Alabama,107,Non fugiat mollit deserunt pariatur anim. Dolore adipisicing aliquip reprehenderit laborum qui do. Id aliquip ut commodo sunt Lorem. Mollit duis sunt est magna laborum fugiat in nisi amet enim aliquip fugiat.,2017-12-11T11:37:39 -06:-30,67.362314,-33.35109,"cillum,id,voluptate,enim,exercitation,proident,sit"
5aa252be7f3adbc29a3282dc,75,26,green,Travis Freeman,male,KEENGEN,travisfreeman@keengen.com,+1 (812) 582-3719,380,Atlantic Avenue,Centerville,Minnesota,108,Exercitation eiusmod cillum aute culpa cillum aliquip minim anim eu. Labore irure irure nulla ipsum officia consequat minim minim consectetur officia sunt. Fugiat ad ipsum nostrud magna occaecat laborum non ullamco mollit aliqua officia consequat. Irure sunt ea sit dolor et Lorem adipisicing in. Cupidatat amet nulla reprehenderit minim ex cillum aute nostrud. Mollit culpa dolore do est id tempor. Do ea et voluptate deserunt elit ex tempor.,2014-04-19T01:28:11 -06:-30,0.421714,121.837804,"esse,aute,deserunt,qui,adipisicing,excepteur,quis"
5aa252be8d5cc069c85a1f05,76,36,green,Valenzuela Duran,male,COMTRAIL,valenzueladuran@comtrail.com,+1 (905) 565-2761,986,Kent Avenue,Woodruff,Colorado,109,Veniam velit mollit dolor officia quis amet nisi deserunt elit tempor. Culpa nulla incididunt qui eu aute excepteur sint esse dolore tempor quis sit sunt. Nulla consectetur cupidatat officia cupidatat. Nulla proident non dolore enim consequat non labore cupidatat ex sit est.,2015-11-25T09:04:04 -06:-30,52.694189,-21.98896,"magna,elit,Lorem,officia,nisi,ipsum,ipsum"
5aa252be9e56aecf18e1080f,77,37,green,Morin Walsh,male,VIASIA,morinwalsh@viasia.com,+1 (810) 547-3582,897,Ridgewood Avenue,Jardine,South Dakota,103,Amet voluptate nostrud magna fugiat culpa amet ullamco ullamco quis velit aliqua dolor irure cupidatat. Tempor quis cillum eu labore labore anim sunt non nisi eu in cupidatat. Velit ut laborum officia ut ea in consequat. Magna ullamco ut sunt consectetur occaecat incididunt. Nisi commodo pariatur proident eu in. Voluptate exercitation sunt laborum pariatur laborum exercitation incididunt labore amet pariatur sint adipisicing in consequat.,2016-05-11T01:58:52 -06:-30,24.789764,-112.483002,"cillum,sit,cillum,incididunt,enim,magna,do"
5aa252beb25d2f02df62d5d7,78,33,green,Owens Webb,male,RONELON,owenswebb@ronelon.com,+1 (803) 571-2065,955,Vandalia Avenue,Newkirk,Louisiana,107,Ut ad amet laboris sunt excepteur. Ea eiusmod magna nulla aute cupidatat deserunt esse Lorem veniam pariatur adipisicing. Pariatur consequat pariatur sunt cillum nisi pariatur consequat anim consectetur veniam anim. Esse excepteur mollit cupidatat ea. Esse laboris sunt est in reprehenderit pariatur quis. Veniam laborum aliqua labore dolor ex est consectetur occaecat excepteur in enim aliqua occaecat.,2014-04-04T12:40:23 -06:-30,-36.380368,-177.454981,"occaecat,nostrud,enim,qui,fugiat,minim,nisi"
5aa252be511b5a3093e1c23d,79,33,green,Booker Valenzuela,male,ACCUFARM,bookervalenzuela@accufarm.com,+1 (888) 576-2316,223,Commercial Street,Harold,Rhode Island,101,Veniam ea cupidatat veniam proident nulla tempor reprehenderit anim exercitation sit adipisicing ex amet. Id dolor irure velit mollit sit nostrud deserunt cupidatat. Dolore officia eiusmod dolor consectetur velit. Voluptate esse exercitation enim nulla do duis nostrud. Ea dolor non mollit nulla ea consectetur et eiusmod dolor officia sit nisi elit.,2015-09-02T01:29:57 -06:-30,-66.596721,60.445052,"labore,excepteur,deserunt,sit,magna,commodo,velit"
5aa252befe857c6083def5ee,80,31,brown,Taylor Harris,female,PORTALIS,taylorharris@portalis.com,+1 (861) 415-3349,365,Benson Avenue,Robinette,Illinois,104,Irure cupidatat excepteur quis labore cupidatat culpa mollit ea pariatur officia magna officia. Sunt id reprehenderit aliqua aliqua irure ullamco incididunt voluptate. Sint dolore enim consectetur officia culpa proident nisi sit magna irure sint velit do sit. Culpa minim velit deserunt non commodo magna ex nisi Lorem labore. Enim et non occaecat nostrud esse.,2017-07-29T08:55:50 -06:-30,-16.035324,87.432146,"nisi,dolor,id,aliquip,eu,ut,cillum"
5aa252be7d96501986a3b026,81,21,brown,Finch Gilbert,male,MULTIFLEX,finchgilbert@multiflex.com,+1 (928) 522-3813,798,Devoe Street,Winesburg,Kansas,105,Anim esse ex adipisicing laboris do proident exercitation ad proident. Deserunt ad labore ad id nisi nulla duis. Mollit et eiusmod eu incididunt. Laboris nisi eu fugiat dolore minim ipsum occaecat duis et aliqua consectetur esse laboris dolore. Sit id ullamco proident dolor Lorem ea duis cillum amet nisi nisi.,2016-08-30T04:03:27 -06:-30,-7.769427,34.23225,"do,incididunt,ea,reprehenderit,amet,tempor,adipisicing"
5aa252bebc8109e481e447ab,82,25,blue,Hodges Stanton,male,INSURON,hodgesstanton@insuron.com,+1 (805) 554-2954,156,Clinton Street,Sterling,Pennsylvania,110,Sit eu adipisicing anim velit nostrud cupidatat. Et deserunt esse quis aliqua non cillum laboris pariatur ipsum eu sit id laboris voluptate. Quis laboris consequat tempor dolore consectetur pariatur officia cupidatat est consequat est nostrud ad. Aliqua proident adipisicing eu elit eiusmod est irure aliqua duis laborum.,2015-07-25T01:52:34 -06:-30,-13.184333,127.249116,"duis,deserunt,cillum,est,voluptate,consectetur,enim"
5aa252bef546fd5deb2b8b88,83,27,brown,Christa Clay,female,PHEAST,christaclay@pheast.com,+1 (950) 481-2899,785,Gerritsen Avenue,Clarksburg,Federated States Of Micronesia,107,Ipsum non cillum velit ex ea ut. Magna Lorem laborum exercitation velit officia qui officia non fugiat excepteur. Veniam non nisi commodo duis. Magna amet veniam elit exercitation anim esse magna sunt dolore do mollit id. Veniam do sit cupidatat esse mollit reprehenderit adipisicing dolor et eiusmod elit. Veniam deserunt enim aliqua fugiat duis consequat in deserunt aute cillum.,2016-05-03T06:27:11 -06:-30,42.286907,-14.266722,"duis,elit,sint,in,non,veniam,reprehenderit"
5aa252bed66f660cb2cc0837,84,30,green,Jessie Oneal,female,QUARMONY,jessieoneal@quarmony.com,+1 (996) 540-3407,464,Rose Street,Ypsilanti,District Of Columbia,110,Consectetur quis ad id duis voluptate cillum minim. Sunt adipisicing aute cupidatat exercitation ut enim laborum veniam do occaecat minim ipsum. Reprehenderit voluptate enim irure quis aliqua nisi deserunt deserunt. Enim qui cillum dolor proident enim commodo commodo cillum culpa elit labore dolore. Adipisicing non dolore enim pariatur aliqua. Sunt cupidatat ex labore esse laborum fugiat commodo esse duis magna commodo proident. Irure eu et voluptate nostrud laborum dolore minim qui enim do occaecat veniam proident.,2014-01-02T07:44:03 -06:-30,-59.160798,-17.085982,"eiusmod,proident,duis,ipsum,sit,voluptate,esse"
5aa252be9b66f47d352e17c1,85,20,green,Josie Moon,female,GEEKOSIS,josiemoon@geekosis.com,+1 (827) 440-3356,780,Broome Street,Fulford,New York,110,Fugiat in officia aliqua ad aliqua eiusmod do veniam esse. Veniam dolor laboris exercitation Lorem proident ullamco tempor anim irure adipisicing occaecat laboris reprehenderit. Proident occaecat ad reprehenderit veniam consectetur. Mollit dolor anim fugiat sit cillum dolore in. Nulla minim eu proident in ea ipsum esse labore ad. Nulla ad veniam aute tempor fugiat velit sit laboris qui aliquip.,2016-02-26T03:22:28 -06:-30,87.81266,142.40541,"ut,quis,eu,velit,dolor,esse,sit"
5aa252beb7e1c20b69dcd90a,86,32,blue,Fox Murray,male,LOCAZONE,foxmurray@locazone.com,+1 (977) 588-3900,488,Ross Street,Terlingua,Maryland,109,Tempor duis incididunt in voluptate Lorem ad culpa excepteur ullamco minim officia minim fugiat dolor. Cillum cillum excepteur nulla eu reprehenderit aliqua ad occaecat enim laborum labore excepteur. Velit do occaecat mollit ea occaecat magna commodo. Eiusmod proident ut fugiat consequat occaecat eu. Sit nostrud non cupidatat consectetur dolor ullamco ex anim dolor et proident laboris consectetur in. Irure quis labore nulla cillum excepteur duis in dolor qui.,2014-08-13T11:22:16 -06:-30,-1.787937,-37.994283,"fugiat,ex,adipisicing,elit,ad,labore,aliquip"
5aa252be4f826780ecdff4b3,87,24,blue,Hurley Justice,male,PODUNK,hurleyjustice@podunk.com,+1 (967) 480-2250,459,Vandervoort Avenue,Joes,West Virginia,103,Consectetur mollit minim labore voluptate laboris. Velit proident cillum sunt esse dolor nostrud laboris sit. Tempor do excepteur duis ullamco proident veniam enim. Sit elit cupidatat ea consequat reprehenderit mollit sit esse laboris sit velit.,2017-02-17T04:42:57 -06:-30,79.189869,-149.816647,"aliqua,sit,proident,do,reprehenderit,officia,elit"
5aa252be9869cb51a198b1cf,88,23,blue,Norman Richards,male,TEMORAK,normanrichards@temorak.com,+1 (936) 550-3116,229,Lawn Court,Lutsen,Arkansas,109,Culpa aliqua dolor ea non officia incididunt pariatur deserunt esse ut ex aliquip ullamco. Esse consequat anim minim deserunt aute nisi ex pariatur esse dolor. Elit nulla ea elit officia veniam aliqua reprehenderit id cillum qui. Ea est officia esse duis anim fugiat laborum esse in Lorem do mollit proident laboris. Esse mollit laboris consectetur dolore minim anim reprehenderit exercitation incididunt magna duis veniam.,2014-09-10T12:17:52 -06:-30,8.005736,-1.16211,"est,veniam,consequat,Lorem,Lorem,amet,dolore"
5aa252be3daa81b4e4637f18,89,27,blue,Hooper Brown,male,ECLIPSENT,hooperbrown@eclipsent.com,+1 (939) 561-2977,410,Dare Court,Cedarville,North Dakota,109,Veniam minim quis nisi commodo in aliquip dolor nostrud nisi adipisicing ipsum. Aliqua sunt eu dolor cupidatat eu minim cupidatat deserunt laborum eiusmod nulla. In adipisicing enim eiusmod reprehenderit officia. Officia in laboris enim fugiat adipisicing eu deserunt consequat nostrud quis labore. Tempor mollit nostrud nostrud dolore cillum ad nisi officia.,2016-01-13T05:05:07 -06:-30,40.679111,-102.378462,"exercitation,voluptate,occaecat,aliqua,voluptate,commodo,ad"
5aa252be4e37a7e0bf9f3727,90,32,blue,Boyd Murphy,male,ACRUEX,boydmurphy@acruex.com,+1 (909) 401-2254,252,Coleman Street,Wescosville,South Carolina,107,Culpa quis consequat duis mollit sit commodo esse sunt nulla labore anim nostrud laboris aliquip. Mollit ea amet sunt aliqua laborum fugiat laborum anim quis elit. Mollit exercitation mollit velit et laboris veniam velit occaecat. Velit esse ex culpa enim.,2014-01-23T06:27:28 -06:-30,61.437346,-11.785943,"pariatur,laboris,velit,magna,commodo,est,aliquip"
5aa252be2d48e11f0c3f65e9,91,20,brown,Campbell Everett,male,KONGLE,campbelleverett@kongle.com,+1 (986) 577-3333,361,Mermaid Avenue,Bridgetown,Oregon,108,Excepteur elit exercitation nulla officia ea dolor occaecat quis adipisicing esse do sit elit deserunt. Enim consequat ipsum duis in do cillum officia non esse nostrud esse tempor sit sit. Sunt duis id in nostrud. Mollit occaecat ea ad nulla proident consequat. Aliquip eiusmod deserunt velit elit aute pariatur officia.,2016-07-19T02:57:12 -06:-30,-19.362449,114.601938,"sit,anim,aute,adipisicing,ut,et,velit"
5aa252be175f8365afb606f7,92,31,green,Stewart Mcconnell,male,ARCTIQ,stewartmcconnell@arctiq.com,+1 (813) 461-3070,401,Dunne Place,Allamuchy,Michigan,102,Ullamco esse est laboris quis. Excepteur cillum cillum aliquip tempor pariatur enim enim aute. Velit esse minim qui quis sit.,2016-12-06T01:52:44 -06:-30,50.118147,41.296123,"officia,irure,irure,commodo,nostrud,anim,eu"
5aa252be14a17889c05b3ea2,93,37,brown,Nelda Winters,female,ZANITY,neldawinters@zanity.com,+1 (966) 577-2629,248,Wyckoff Street,Eagletown,Ohio,109,Reprehenderit nostrud sint consequat cillum esse mollit laborum labore. Labore dolore quis nostrud consequat enim irure. Incididunt laboris magna ipsum sit dolore elit ut duis ea. Aute reprehenderit esse laboris sit dolor laborum mollit. Nostrud laboris sunt deserunt dolor laboris eu. Occaecat voluptate cupidatat esse do officia ipsum aute cupidatat aute ullamco velit.,2016-01-24T04:38:43 -06:-30,-20.982769,-25.255738,"incididunt,aliquip,eiusmod,consectetur,adipisicing,sit,elit"
5aa252bedbbb6165f8ae25b0,94,28,green,Mona Durham,female,ROCKLOGIC,monadurham@rocklogic.com,+1 (984) 538-3742,361,Erskine Loop,Calpine,Wisconsin,105,Incididunt reprehenderit culpa qui magna laboris incididunt excepteur adipisicing est elit in adipisicing do quis. Id aute ullamco sit mollit ipsum proident laborum ipsum irure proident officia duis. Lorem adipisicing ut excepteur esse amet adipisicing ut proident. Exercitation veniam ad ullamco do incididunt enim commodo irure.,2016-12-04T07:26:40 -06:-30,41.605772,160.216074,"elit,enim,nostrud,nulla,aliqua,ea,nisi"
5aa252be5c4920cbc8981900,95,26,green,Liza Schroeder,female,RODEOMAD,lizaschroeder@rodeomad.com,+1 (813) 403-3735,233,Euclid Avenue,Bentley,Idaho,106,Nostrud laboris duis non nulla. Velit dolore excepteur quis enim laborum qui ullamco ipsum aute esse. Lorem adipisicing veniam aliquip veniam occaecat aute mollit est adipisicing ad. Nisi amet cillum nulla irure. Cupidatat ex do minim Lorem dolor sint.,2016-09-26T01:09:39 -06:-30,14.573978,-4.902851,"mollit,fugiat,labore,magna,ex,dolor,culpa"
5aa252beff7364c43679b0ea,96,40,brown,Judith Hicks,female,DIGIGENE,judithhicks@digigene.com,+1 (919) 494-2868,999,Middleton Street,Brandermill,Texas,100,Nisi deserunt sunt anim et occaecat consequat commodo ea id ea eu enim sit nulla. Irure sunt ullamco et dolor fugiat. Deserunt aute nostrud ad occaecat id anim non. Ullamco officia deserunt elit tempor eiusmod pariatur enim eu. Eu ullamco ad id aute. Quis aliqua aliquip deserunt consequat fugiat sint ex incididunt irure.,2018-01-24T10:19:24 -06:-30,-24.616115,33.386065,"culpa,nostrud,ipsum,elit,esse,labore,consectetur"
5aa252be314ad9595bed74d1,97,35,green,Estela Franco,female,ZANYMAX,estelafranco@zanymax.com,+1 (989) 578-2255,205,Wythe Avenue,Chautauqua,Indiana,108,Duis enim commodo pariatur cillum mollit eu mollit ex laborum. Dolore cupidatat nostrud nulla voluptate excepteur consectetur in id cupidatat deserunt nostrud. Ea amet anim nulla velit.,2017-10-17T05:31:54 -06:-30,89.533836,152.935574,"ex,sit,pariatur,cillum,enim,nulla,et"
5aa252be46ea8703df79cd5d,98,39,green,Slater Pierce,male,GLOBOIL,slaterpierce@globoil.com,+1 (954) 560-2951,419,Havemeyer Street,Venice,Hawaii,104,Qui deserunt veniam non laboris qui non elit non officia. Est pariatur consectetur nostrud non in sint in ullamco culpa aliquip sit culpa irure. Anim enim incididunt ipsum ullamco dolore adipisicing adipisicing anim in adipisicing aliqua. Ut in proident aliquip do veniam fugiat veniam ea velit et cillum elit dolor reprehenderit. Id do irure eiusmod minim eiusmod consectetur ex consequat cupidatat ut aliqua cupidatat. Cillum magna anim consequat id nisi velit laborum sunt id consequat quis. Duis ad laborum qui pariatur eu sit exercitation elit minim incididunt fugiat.,2014-08-24T01:53:39 -06:-30,70.791113,156.944903,"elit,esse,sit,ea,cillum,Lorem,non"
5aa252be6f8aabd2edb78b17,99,23,brown,Leola Gentry,female,VICON,leolagentry@vicon.com,+1 (871) 574-3573,685,Albany Avenue,Vowinckel,Utah,102,Esse qui amet quis voluptate do in. Nostrud eiusmod eiusmod sunt velit id est. Officia irure deserunt cupidatat magna adipisicing aliqua reprehenderit nostrud laborum cupidatat.,2014-11-28T01:19:51 -06:-30,50.198135,22.786374,"irure,cillum,elit,laboris,enim,qui,occaecat"
5aa252be30cf16c16b157242,100,33,brown,Lucile Page,female,SHEPARD,lucilepage@shepard.com,+1 (890) 482-3092,134,Bliss Terrace,Hartsville/Hartley,Marshall Islands,102,Lorem nulla veniam mollit laboris magna voluptate est nulla pariatur id. Dolore anim cillum eiusmod velit sit velit ullamco pariatur mollit officia. Aliquip tempor dolore officia id eiusmod commodo quis et occaecat fugiat sunt eiusmod deserunt. Eiusmod id aute cillum in dolor ea ipsum ipsum.,2017-11-20T02:45:28 -06:-30,-26.372874,-43.257161,"quis,sint,sunt,exercitation,ut,exercitation,aliquip"
5aa252be4fe8b439039fcc56,101,34,green,Christy Booker,female,ISOLOGIX,christybooker@isologix.com,+1 (924) 589-2762,475,Knickerbocker Avenue,Fivepointville,Montana,105,Veniam duis mollit veniam enim proident do magna id ipsum aute. Consequat culpa sunt ex adipisicing sit ullamco pariatur velit. Non elit aute irure laborum irure eu consequat commodo nostrud in reprehenderit eiusmod. Id adipisicing irure nostrud nulla veniam ullamco. Adipisicing eu proident ex sunt Lorem esse qui.,2017-04-03T04:09:13 -06:-30,25.943876,29.762478,"excepteur,aliqua,velit,laborum,est,non,consequat"
5aa252be396d442999d2cc27,102,29,green,Quinn Santana,male,VERTIDE,quinnsantana@vertide.com,+1 (954) 441-2957,930,Ludlam Place,Sisquoc,Missouri,100,Mollit id dolor irure commodo cupidatat non ullamco duis sit. Excepteur reprehenderit elit laboris ullamco consequat nisi. Sit occaecat exercitation commodo do officia. Est ex sunt incididunt adipisicing officia excepteur minim adipisicing cupidatat ut enim sunt reprehenderit. Quis cillum et velit ullamco elit in deserunt. Ut culpa duis nisi elit consequat.,2015-07-13T02:49:00 -06:-30,-20.737841,74.354399,"in,aliquip,amet,ut,laboris,ipsum,aute"
5aa252beb28038b848553a0c,103,26,green,Molly Baker,female,IMAGINART,mollybaker@imaginart.com,+1 (846) 587-3244,609,Noble Street,Wiscon,Oklahoma,107,Enim eiusmod magna consequat Lorem id amet excepteur id mollit nisi commodo. Non culpa dolor non proident officia veniam veniam. Exercitation occaecat fugiat in magna laboris quis occaecat in veniam Lorem nostrud proident id ad. Excepteur sint aliqua dolor velit est et laboris veniam ea ipsum aliquip consectetur est.,2017-04-04T03:05:40 -06:-30,25.365248,106.550681,"adipisicing,qui,ad,minim,minim,excepteur,nulla"
5aa252be0ef294f178eddc41,104,33,green,Marina Malone,female,HYDROCOM,marinamalone@hydrocom.com,+1 (945) 413-2471,403,Irvington Place,Fredericktown,Connecticut,108,Dolore magna amet laboris ea non et veniam sunt anim sit laborum voluptate. Consectetur duis dolor magna est. Laborum nisi pariatur exercitation elit.,2014-06-24T03:25:05 -06:-30,77.5476,-125.364679,"esse,culpa,consequat,ipsum,pariatur,anim,nostrud"
5aa252be67367f006b9489bc,105,25,blue,Jenifer Hughes,female,TERASCAPE,jeniferhughes@terascape.com,+1 (990) 533-2831,820,Kenmore Court,Bodega,Northern Mariana Islands,107,Ex elit in cupidatat non nisi Lorem reprehenderit incididunt pariatur officia consectetur reprehenderit dolore. Nulla laborum cillum et nisi mollit labore. Aliqua occaecat anim quis in ad. Aliqua non laboris exercitation nulla nostrud mollit velit cillum excepteur sint. Velit et minim consectetur magna laboris eu amet Lorem ullamco eu sunt.,2015-03-04T06:38:50 -06:-30,62.545415,150.854584,"ullamco,esse,enim,elit,ut,laboris,ipsum"
5aa252be178a3febd4e4df19,106,22,green,Matilda King,female,ASSISTIA,matildaking@assistia.com,+1 (930) 430-2160,373,Stuart Street,Lithium,Iowa,106,Deserunt aliqua consequat voluptate consectetur non. Exercitation pariatur duis occaecat ea consectetur consectetur quis voluptate in nulla consequat. Nostrud exercitation sunt adipisicing deserunt. Ut mollit duis pariatur ad. Laborum eiusmod nostrud nostrud enim consectetur non labore eu amet dolore cillum. Tempor ex amet proident labore ipsum eiusmod elit ea eu.,2014-05-01T05:58:04 -06:-30,-28.076983,166.273323,"eu,incididunt,ea,deserunt,ea,elit,tempor"
5aa252be01b5ff30f6b4646e,107,40,green,Peck Stone,male,MELBACOR,peckstone@melbacor.com,+1 (918) 438-3172,750,Rutland Road,Cucumber,Mississippi,104,Et aliquip sunt qui adipisicing proident ullamco ea esse dolor cupidatat quis ut culpa occaecat. Minim ipsum pariatur nulla do duis id labore excepteur dolore ut aute magna aute id. Aliquip exercitation sint consectetur voluptate anim eiusmod minim consequat adipisicing.,2017-04-17T11:49:32 -06:-30,-25.291286,-9.377943,"eu,do,et,anim,commodo,nisi,cillum"
5aa252be632a2b30bd90fdc2,108,30,blue,Virgie Cervantes,female,KATAKANA,virgiecervantes@katakana.com,+1 (866) 480-2191,998,Bridgewater Street,Tonopah,Virgin Islands,107,Lorem ullamco exercitation aliqua non ea eu officia Lorem magna quis magna. Qui cupidatat velit nulla cupidatat ullamco consequat commodo nostrud. Tempor Lorem ad reprehenderit mollit Lorem consectetur ad duis est magna. Qui pariatur mollit reprehenderit exercitation consectetur voluptate. Do reprehenderit enim sunt ex laborum amet labore fugiat.,2014-07-14T06:30:05 -06:-30,-81.194624,123.656964,"nostrud,incididunt,esse,ut,consequat,magna,sunt"
5aa252be76601e369b15f06e,109,21,blue,Dolores Shaffer,female,CORIANDER,doloresshaffer@coriander.com,+1 (840) 528-2817,427,Raleigh Place,Clarence,Guam,105,Deserunt veniam eiusmod magna consectetur adipisicing mollit enim et ea irure. Cupidatat et commodo magna sit dolor duis eu sit commodo ipsum. Laboris qui ut cillum incididunt id amet tempor dolor qui officia officia deserunt esse. Velit velit elit proident amet enim ea ullamco nisi sit commodo quis esse non nulla. Excepteur cupidatat duis tempor consectetur adipisicing quis in ut velit cillum reprehenderit. Commodo et magna ullamco voluptate.,2016-04-24T09:34:38 -06:-30,70.926674,48.905261,"et,nostrud,ex,commodo,incididunt,nulla,eu"
5aa252be5463c3f2820ce726,110,22,blue,Blanche Vaughn,female,MUSIX,blanchevaughn@musix.com,+1 (895) 438-3258,803,Grove Place,Bloomington,Kentucky,110,Aute aliqua veniam officia sint excepteur fugiat ea. Enim cupidatat fugiat exercitation ut pariatur enim dolore. Dolore fugiat eiusmod aliquip id sunt minim dolor qui ullamco ad anim. Amet aliqua aliqua minim Lorem anim culpa fugiat deserunt sit tempor id non amet consequat. Laborum magna quis minim ea cillum enim consectetur mollit irure enim.,2017-06-28T12:17:34 -06:-30,-54.190002,30.02165,"qui,proident,excepteur,reprehenderit,nisi,proident,aliqua"
5aa252be01d77aa8610479a0,111,40,brown,Rosanne Gilliam,female,RECRISYS,rosannegilliam@recrisys.com,+1 (816) 443-2837,795,Lake Avenue,Celeryville,New Hampshire,109,Mollit minim exercitation dolore eu. In qui culpa sunt pariatur ullamco ullamco irure. Enim pariatur pariatur aliqua magna officia in dolore eu ullamco ullamco exercitation. Magna voluptate ad et pariatur eiusmod id eu cillum anim sit voluptate nulla esse proident. Aute sit et excepteur fugiat consequat elit duis aliqua officia quis tempor duis. Elit mollit et consectetur dolore sunt nisi reprehenderit enim irure sunt veniam velit enim. Veniam sit ut minim tempor nostrud et fugiat aliquip nisi excepteur.,2017-06-03T09:34:30 -06:-30,-43.379783,-5.53591,"id,dolore,elit,pariatur,anim,tempor,culpa"
5aa252be7ee29caf7206913d,112,39,green,Ingram Guy,male,TWIGGERY,ingramguy@twiggery.com,+1 (992) 434-3218,564,Creamer Street,Summerset,North Carolina,106,Officia sunt ad dolore in amet cupidatat magna culpa aliquip. Duis irure incididunt ad non ea commodo minim in quis deserunt do sint aute ex. Nisi excepteur veniam eiusmod exercitation consectetur mollit. Cillum consectetur sit id veniam consequat anim qui amet veniam nostrud. In reprehenderit proident proident non. Incididunt consequat quis non magna irure anim officia aliqua fugiat dolore laborum ad consequat enim. Eiusmod non sint aliquip ex magna anim mollit.,2016-05-09T09:43:34 -06:-30,-15.732474,54.081267,"id,eiusmod,aute,et,ex,magna,incididunt"
5aa252beba88ebf8dd2474ca,113,29,brown,Dillon Velez,male,MACRONAUT,dillonvelez@macronaut.com,+1 (938) 547-2988,958,Mill Street,Needmore,Virginia,106,Mollit ex proident in laborum aliquip voluptate ipsum magna cupidatat. Exercitation ullamco esse nisi amet pariatur esse adipisicing laboris sunt. Consectetur do ipsum dolore adipisicing exercitation veniam ea in qui ut.,2016-10-03T08:55:00 -06:-30,-27.964591,-14.006033,"tempor,laboris,labore,officia,cupidatat,dolore,fugiat"
5aa252be072b0bef14127450,114,22,blue,Watts Dalton,male,SLAMBDA,wattsdalton@slambda.com,+1 (834) 547-3893,540,Royce Place,Grahamtown,Nevada,100,Velit irure do cupidatat dolore ut voluptate deserunt occaecat labore incididunt proident enim. Commodo ad eiusmod aliqua officia minim nisi nulla occaecat magna laboris tempor dolore amet enim. Irure elit irure qui eu commodo culpa magna occaecat cupidatat ex. Mollit sint exercitation duis in excepteur ad Lorem enim elit. Qui minim nulla id quis.,2014-10-28T03:31:44 -06:-30,-85.49165,129.815399,"qui,proident,esse,Lorem,anim,nostrud,quis"
5aa252be545b2cca5ce3dcaf,115,23,green,Tabitha Barker,female,ZILLACON,tabithabarker@zillacon.com,+1 (932) 584-2795,720,Arkansas Drive,Ballico,Massachusetts,105,Est culpa consectetur enim duis. Incididunt nostrud non ut anim consequat duis. Sunt enim ea exercitation tempor mollit ut sit. Proident aute nisi eu ex laborum eiusmod in amet officia proident aliqua duis velit velit.,2017-09-07T07:45:05 -06:-30,-72.048211,-124.050755,"amet,incididunt,irure,et,incididunt,nostrud,ex"
5aa252beee7b69e57002a5c0,116,40,green,Celia Peck,female,ZILLAN,celiapeck@zillan.com,+1 (903) 534-2206,266,Denton Place,Deercroft,Georgia,109,In pariatur cillum dolore sunt excepteur est eiusmod duis. Est et esse laboris consequat duis nisi aliquip. Pariatur et ullamco deserunt culpa aliqua sint voluptate dolore. Minim ut quis do ullamco ea ipsum. Sit ullamco do velit nulla quis nulla deserunt commodo id. Amet mollit excepteur anim labore nostrud ullamco est voluptate sit esse elit culpa. Officia Lorem incididunt velit non exercitation deserunt sit adipisicing ullamco culpa dolor est nisi esse.,2016-09-26T04:29:51 -06:-30,72.071892,-62.960154,"ullamco,fugiat,in,aute,aliquip,ut,et"
5aa252be662dddfd4953b2c3,117,23,brown,Patrica Russell,female,REALYSIS,patricarussell@realysis.com,+1 (853) 419-2179,253,Orange Street,Vale,New Jersey,108,Adipisicing sunt laborum ullamco voluptate amet pariatur occaecat id ipsum mollit in exercitation. Proident et mollit consectetur mollit culpa sunt nisi in. Ipsum velit in fugiat deserunt. Velit elit aliquip commodo proident consequat reprehenderit. Commodo ut cupidatat labore cillum duis officia et amet. Id magna commodo tempor qui voluptate qui reprehenderit.,2014-10-12T04:53:51 -06:-30,-77.663221,169.882387,"enim,do,ut,ullamco,esse,velit,nisi"
5aa252be212bcc1e8c0d959d,118,39,blue,Foreman Wade,male,DIGIRANG,foremanwade@digirang.com,+1 (921) 542-2139,918,Putnam Avenue,Davenport,American Samoa,102,Ad duis labore eu excepteur officia consequat deserunt incididunt velit cillum ex elit. Ad sint consequat laboris id aute enim velit amet ullamco sit magna est. Est enim do do labore nostrud enim aliquip culpa excepteur adipisicing ad amet consequat. Anim fugiat sunt voluptate id. Proident ullamco sit nulla aute.,2014-11-19T10:27:10 -06:-30,75.10996,-72.645226,"qui,sit,enim,nulla,veniam,duis,exercitation"
5aa252be68733bb0e474c7e9,119,33,green,Noemi Lynch,female,ZBOO,noemilynch@zboo.com,+1 (987) 593-2745,602,Wallabout Street,Nile,California,110,Excepteur esse ut est fugiat proident incididunt. Non eu magna dolore esse exercitation aliqua sunt irure deserunt aute dolor sint excepteur velit. Culpa eiusmod exercitation ullamco voluptate laboris tempor in tempor.,2016-02-06T11:17:10 -06:-30,-86.829017,-159.964397,"tempor,est,fugiat,enim,duis,occaecat,velit"
5aa252beb00a9915bf9c869d,120,31,green,Boyer Ryan,male,ENERSOL,boyerryan@enersol.com,+1 (988) 498-2991,428,Grafton Street,Tecolotito,New Mexico,107,Labore sit et ut eu velit fugiat duis labore non nisi. Mollit amet commodo laboris officia duis est Lorem voluptate ut consequat excepteur. Sint deserunt veniam consectetur ut ea ut nisi.,2016-06-14T11:42:40 -06:-30,-73.855371,109.135068,"veniam,pariatur,consectetur,occaecat,anim,ipsum,quis"
